﻿<?xml version="1.0" encoding="utf-8"?>
<DacOrigin xmlns="http://schemas.microsoft.com/sqlserver/dac/Serialization/2012/02">
  <PackageProperties>
    <Version>3.0.0.0</Version>
    <ContainsExportedData>true</ContainsExportedData>
    <StreamVersions>
      <Version StreamName="Data">2.0.0.0</Version>
      <Version StreamName="DeploymentContributors">1.0.0.0</Version>
    </StreamVersions>
  </PackageProperties>
  <Operation>
    <Identity>63b60554-59f9-44ea-88f7-bba489d04b23</Identity>
    <Start>2023-05-16T10:49:04.1138597+03:00</Start>
    <End>0001-01-01T00:00:00.0000000</End>
    <ProductName>Microsoft.SqlServer.Dac, Version=16.0.0.0, Culture=neutral, PublicKeyToken=b03f5f7f11d50a3a</ProductName>
    <ProductVersion>16.0.6384.0</ProductVersion>
    <ProductSchema>http://schemas.microsoft.com/sqlserver/dac/Serialization/2012/02</ProductSchema>
  </Operation>
  <Server>
    <ServerVersion>Microsoft SQL Server 2022 (RTM-GDR) (KB5021522) - 16.0.1050.5 (X64) 
	Jan 23 2023 17:02:42 
	Copyright (C) 2022 Microsoft Corporation
	Developer Edition (64-bit) on Windows 10 Home 10.0 &lt;X64&gt; (Build 22621: )
</ServerVersion>
    <ObjectCounts>
      <DatabaseOptions>1</DatabaseOptions>
      <ForeignKeyConstraint>6</ForeignKeyConstraint>
      <PermissionStatement>2</PermissionStatement>
      <PrimaryKeyConstraint>6</PrimaryKeyConstraint>
      <SimpleColumn>28</SimpleColumn>
      <Table>6</Table>
    </ObjectCounts>
  </Server>
  <ExportStatistics>
    <SourceDatabaseSize>13000</SourceDatabaseSize>
    <TableRowCountTotalTag>0</TableRowCountTotalTag>
  </ExportStatistics>
  <Checksums>
    <Checksum Uri="/model.xml">2A36F7577478D60144A7DC28386AF95AEB17D8D8E56FC3014C0F5D582C9CD54A</Checksum>
  </Checksums>
  <ModelSchemaVersion>2.9</ModelSchemaVersion>
</DacOrigin>